Nama File,Ukuran (KB),Tipe File,kadar minyak,kadar air,ukuran pori,Tekstur Kulit
f61d5c00882a1403e5ab5069a6a73aa3.jpg,85.1,image/jpeg,0.5,0.3,normal,normal
4b850537b03d7687ae4ca65f42d592c8.jpg,87.69,image/jpeg,0.2,0.7,kecil,dry
1a2f78d0e6ff67defcb068d7d475008f.jpg,46.73,image/jpeg,0.5,0.3,normal,normal
9b5e8e360ae8b84c77d779e7496b3035.jpg,158.6,image/jpeg,0.35,0.6,kecil,dry
21204f4ff5410da0f8a43612cf19545e.jpg,134.85,image/jpeg,0.8,0.2,besar,oily
ed7410f7e98f8e9a377441bfccad3aab.jpg,78.09,image/jpeg,0.7,0.3,besar,oily
df3c24923c4cae6f5204ffb13a5bb159.jpg,98.37,image/jpeg,0.5,0.3,normal,normal
01aa9a5c6244d0b920f26b0784074e6b.jpg,109.44,image/jpeg,0.3,0.6,kecil,dry
dca75201aa9cba5f1230acda58ee1168.jpg,49.5,image/jpeg,0.4,0.45,kecil,dry
15dc82555c0d94e63d8973cf7738f2ab.jpg,95.96,image/jpeg,0.15,0.8,kecil,dry
63e05bf618994a9c2eb614f319b5bd62.jpg,79.61,image/jpeg,0.15,0.8,kecil,dry
fdf6d60f7092c67db1917dfb6f89134f.jpg,102.54,image/jpeg,0.2,0.7,kecil,dry
a4ee15165751e99620acd0cbe7fbfce0.jpg,125.19,image/jpeg,0.2,0.7,kecil,dry
af6f2d8625801a8d906ea71fff2aef59.jpg,122.35,image/jpeg,0.3,0.6,kecil,dry
caca2ad568b3f55aa3b599bdbd4b5155.jpg,102.53,image/jpeg,0.6,0.2,normal,normal
58714e64cc14a33eafcfaf80acd4c33a.jpg,98.79,image/jpeg,0.5,0.3,normal,normal
37596779befe680d807c48cae3c81e0a.jpg,86.02,image/jpeg,0.7,0.3,besar,oily
3a68d485dbe2487d8a233c750afe97f9.jpg,148.14,image/jpeg,0.15,0.8,kecil,dry
f489860ae0e20b0da557c63645980169.jpg,68.01,image/jpeg,0.3,0.6,kecil,dry
c1e350548622ccc1e0e9ddff24d1b1e3.jpg,118.26,image/jpeg,0.25,0.7,kecil,dry
0d737b0b211c714af4010f64c9a2fd60.jpg,122.99,image/jpeg,0.4,0.45,kecil,dry
44e9cc54452afff8ecc261b143cda33d.jpg,128.72,image/jpeg,0.15,0.8,kecil,dry
683c40540ce98de4c7b4c97dead71027.jpg,109.87,image/jpeg,0.8,0.2,besar,oily
c8fc1119ab230630f11e3534d61ab2fb.jpg,49.31,image/jpeg,0.2,0.7,kecil,dry
837db8273241221fb3ef15adff702655.jpg,55.35,image/jpeg,0.8,0.2,besar,oily
1751295501304.jpg,74.17,image/jpeg,0.35,0.6,kecil,dry
1751295501311.jpg,83.32,image/jpeg,0.2,0.7,kecil,dry
1751295501319.jpg,21.48,image/jpeg,0.5,0.3,normal,normal
1751295501326.jpg,78.08,image/jpeg,0.65,,besar,normal
1751295501333.jpg,129.03,image/jpeg,0.7,0.3,besar,oily
1751295501340.jpg,95.5,image/jpeg,0.7,0.3,besar,oily
1751295501349.jpg,75.97,image/jpeg,0.15,0.8,kecil,dry
1751295501356.jpg,81.96,image/jpeg,0.8,0.2,besar,oily
1751295501364.jpg,65.58,image/jpeg,0.25,0.7,kecil,dry
1751295501371.jpg,92.25,image/jpeg,0.3,0.6,kecil,dry
1751295501383.jpg,76.02,image/jpeg,0.35,0.6,kecil,dry
1751295501391.jpg,59.38,image/jpeg,0.7,0.3,besar,oily
1751295501401.jpg,102.08,image/jpeg,0.2,0.7,kecil,dry
1751295501406.jpg,69.61,image/jpeg,0.5,0.3,normal,normal
1751295501412.jpg,108.52,image/jpeg,0.15,0.8,kecil,dry
1751295501418.jpg,94.03,image/jpeg,0.35,0.6,kecil,dry
1751295501425.jpg,78.32,image/jpeg,0.25,0.7,kecil,dry
1751295501436.jpg,68.79,image/jpeg,0.15,0.8,kecil,dry
1751295501443.jpg,45.9,image/jpeg,0.65,,besar,normal
1751295501451.jpg,102.56,image/jpeg,0.35,0.6,kecil,dry
1751295501458.jpg,91.8,image/jpeg,0.3,0.6,kecil,dry
1751295501465.jpg,87.19,image/jpeg,0.7,0.3,besar,oily
1751295501472.jpg,62.1,image/jpeg,0.8,0.2,besar,oily
1751295501479.jpg,36.38,image/jpeg,0.25,0.7,kecil,dry
1751295501489.jpg,63.53,image/jpeg,0.15,0.8,kecil,dry
1751295501498.jpg,50.7,image/jpeg,0.5,0.3,normal,normal
1751295501505.jpg,61.59,image/jpeg,0.5,0.3,normal,normal
1751295501512.jpg,44.87,image/jpeg,0.6,0.2,normal,normal
1751295501518.jpg,135.95,image/jpeg,0.25,0.7,kecil,dry
1751295501524.jpg,64.51,image/jpeg,0.5,0.3,normal,normal
1751295501530.jpg,34.85,image/jpeg,0.6,0.2,normal,normal
1751295501536.jpg,102.57,image/jpeg,0.6,0.2,normal,normal
1751295501544.jpg,80.03,image/jpeg,0.15,0.8,kecil,dry
1751295501551.jpg,74.95,image/jpeg,0.8,0.2,besar,oily
1751295501556.jpg,101.31,image/jpeg,0.25,0.7,kecil,dry
1751295501561.jpg,96.31,image/jpeg,0.15,0.8,kecil,dry
1751295501567.jpg,70.55,image/jpeg,0.5,0.3,normal,normal
1751295501572.jpg,71.23,image/jpeg,0.6,0.2,normal,normal
1751295501580.jpg,83.53,image/jpeg,0.8,0.2,besar,oily
1751295501585.jpg,76.2,image/jpeg,0.5,0.3,normal,normal
1751295501592.jpg,170.28,image/jpeg,0.3,0.6,kecil,dry
1751295501597.jpg,82.94,image/jpeg,0.7,0.3,besar,oily
1751295501604.jpg,62.56,image/jpeg,0.5,0.3,normal,normal
1751295501611.jpg,92.25,image/jpeg,0.65,,besar,normal
1751295501617.jpg,106.54,image/jpeg,0.6,0.2,normal,normal
1751295501624.jpg,129.25,image/jpeg,0.1,0.8,kecil,dry
1751295501630.jpg,97.54,image/jpeg,0.25,0.7,kecil,dry
1751295501637.jpg,79.93,image/jpeg,0.5,0.3,normal,normal
1751295501642.jpg,114.91,image/jpeg,0.15,0.8,kecil,dry
1751295501647.jpg,104.33,image/jpeg,0.4,0.45,kecil,dry
1751295501652.jpg,94.73,image/jpeg,0.6,0.2,normal,normal
1751295501658.jpg,97.36,image/jpeg,0.5,0.3,normal,normal
1751295501665.jpg,83.34,image/jpeg,0.25,0.7,kecil,dry
1751295501670.jpg,83.2,image/jpeg,0.3,0.6,kecil,dry
1751295501678.jpg,89.8,image/jpeg,0.1,0.8,kecil,dry
1751295501683.jpg,113.99,image/jpeg,0.25,0.7,kecil,dry
1751295501687.jpg,88.42,image/jpeg,0.35,0.6,kecil,dry
1751295501693.jpg,119.1,image/jpeg,0.25,0.7,kecil,dry
1751295501699.jpg,80.34,image/jpeg,0.4,0.45,kecil,dry
1751295501704.jpg,40.58,image/jpeg,0.6,0.2,normal,normal
1751295501711.jpg,79.39,image/jpeg,0.7,0.3,besar,oily
1751295501722.jpg,96.54,image/jpeg,0.8,0.2,besar,oily
1751295501728.jpg,121.52,image/jpeg,0.3,0.6,kecil,dry
1751295501733.jpg,113.73,image/jpeg,0.1,0.8,kecil,dry
1751295501739.jpg,110.19,image/jpeg,0.5,0.3,normal,normal
1751295501747.jpg,98.55,image/jpeg,0.7,0.3,besar,oily
1751295501752.jpg,94.08,image/jpeg,0.25,0.7,kecil,dry
1751295501758.jpg,78.73,image/jpeg,0.6,0.2,normal,normal
1751295501763.jpg,83.15,image/jpeg,0.25,0.7,kecil,dry
1751295501769.jpg,115.23,image/jpeg,0.25,0.7,kecil,dry
1751295501776.jpg,115.23,image/jpeg,0.35,0.6,kecil,dry
1751295501797.jpg,66.27,image/jpeg,0.3,0.6,kecil,dry
1751295501803.jpg,84.05,image/jpeg,0.5,0.3,normal,normal
1751295501809.jpg,59.11,image/jpeg,0.8,0.2,besar,oily
1751295501818.jpg,54.16,image/jpeg,0.8,0.2,besar,oily
1751295501824.jpg,104.42,image/jpeg,0.15,0.8,kecil,dry
1751295501830.jpg,60.67,image/jpeg,0.5,0.3,normal,normal
1751295501837.jpg,58.41,image/jpeg,0.15,0.8,kecil,dry
1751295501844.jpg,86.92,image/jpeg,0.5,0.3,normal,normal
1751295501850.jpg,110.35,image/jpeg,0.3,0.6,kecil,dry
1751295501857.jpg,77.56,image/jpeg,0.15,0.8,kecil,dry
1751295501863.jpg,119.42,image/jpeg,0.4,0.45,kecil,dry
1751295501870.jpg,79.05,image/jpeg,0.5,0.3,normal,normal
1751295501876.jpg,81.44,image/jpeg,0.4,0.45,kecil,dry
1751295501882.jpg,143.17,image/jpeg,0.8,0.2,besar,oily
1751295501890.jpg,155.46,image/jpeg,0.8,0.2,besar,oily
1751295501909.jpg,98.95,image/jpeg,0.3,0.6,kecil,dry
1751295501917.jpg,97.19,image/jpeg,0.15,0.8,kecil,dry
1751295501923.jpg,116.03,image/jpeg,0.5,0.3,normal,normal
1751295501929.jpg,101.11,image/jpeg,0.8,0.2,besar,oily
1751295501935.jpg,72.72,image/jpeg,0.35,0.6,kecil,dry
1751295501941.jpg,90.77,image/jpeg,0.65,,besar,normal
1751295501947.jpg,97.62,image/jpeg,0.35,0.6,kecil,dry
1751295501954.jpg,31.08,image/jpeg,0.1,0.8,kecil,dry
1751295501961.jpg,95.89,image/jpeg,0.6,0.2,normal,normal
1751295501967.jpg,85.67,image/jpeg,0.15,0.8,kecil,dry
1751295501972.jpg,104.56,image/jpeg,0.8,0.2,besar,oily
1751295501977.jpg,89.48,image/jpeg,0.15,0.8,kecil,dry
1751295501982.jpg,82.89,image/jpeg,0.6,0.2,normal,normal
1751295501988.jpg,83.22,image/jpeg,0.5,0.3,normal,normal
1751295501993.jpg,122.33,image/jpeg,0.25,0.7,kecil,dry
1751295501999.jpg,119.1,image/jpeg,0.65,,besar,normal
1751295502006.jpg,80.86,image/jpeg,0.65,,besar,normal
1751295502012.jpg,105.19,image/jpeg,0.65,,besar,normal
1751295502019.jpg,128.48,image/jpeg,0.4,0.45,kecil,dry
1751295502024.jpg,64.76,image/jpeg,0.7,0.3,besar,oily
1751295502031.jpg,59.96,image/jpeg,0.35,0.6,kecil,dry
1751295502041.jpg,38.11,image/jpeg,0.8,0.2,besar,oily
1751295502048.jpg,62.96,image/jpeg,0.25,0.7,kecil,dry
1751295502058.jpg,56.28,image/jpeg,0.8,0.2,besar,oily
1751295502065.jpg,124.02,image/jpeg,0.5,0.3,normal,normal
1751295502076.jpg,90.25,image/jpeg,0.2,0.7,kecil,dry
1751339061133.jpg,113.12,image/jpeg,0.65,,besar,normal
1751339061147.jpg,33.29,image/jpeg,0.35,0.6,kecil,dry
1751339061156.jpg,97.37,image/jpeg,0.4,0.45,kecil,dry
1751339061169.jpg,99.27,image/jpeg,0.5,0.3,normal,normal
1751339061182.jpg,108.03,image/jpeg,0.5,0.3,normal,normal
1751339061193.jpg,80.17,image/jpeg,0.35,0.6,kecil,dry
1751339061204.jpg,99.82,image/jpeg,0.6,0.2,normal,normal
1751339061218.jpg,482.15,image/jpeg,0.7,0.3,besar,oily
1751339061233.jpg,120.28,image/jpeg,0.6,0.2,normal,normal
1751339061248.jpg,133.11,image/jpeg,0.5,0.3,normal,normal
1751339061262.jpg,141.06,image/jpeg,0.2,0.7,kecil,dry
1751339061275.jpg,89.12,image/jpeg,0.4,0.45,kecil,dry
1751339061286.jpg,80.29,image/jpeg,0.35,0.6,kecil,dry
1751339061295.jpg,114.92,image/jpeg,0.15,0.8,kecil,dry
1751339061303.jpg,193.84,image/jpeg,0.1,0.8,kecil,dry
1751339061311.jpg,122.78,image/jpeg,0.25,0.7,kecil,dry
1751339061319.jpg,110.32,image/jpeg,0.15,0.8,kecil,dry
1751339061329.jpg,100.14,image/jpeg,0.8,0.2,besar,oily
1751339061342.jpg,90.89,image/jpeg,0.4,0.45,kecil,dry
1751339061349.jpg,82.18,image/jpeg,0.2,0.7,kecil,dry
1751339061357.jpg,31.57,image/jpeg,0.7,0.3,besar,oily
1751339061368.jpg,147.69,image/jpeg,0.65,,besar,normal
1751339061374.jpg,213.98,image/jpeg,0.15,0.8,kecil,dry
1751339061381.jpg,133.9,image/jpeg,0.25,0.7,kecil,dry
1751339061386.jpg,56.24,image/jpeg,0.15,0.8,kecil,dry
1751339061392.jpg,62.83,image/jpeg,0.2,0.7,kecil,dry
1751339061399.jpg,61.88,image/jpeg,0.25,0.7,kecil,dry
1751339061406.jpg,85.79,image/jpeg,0.65,,besar,normal
1751339061414.jpg,102.87,image/jpeg,0.4,0.45,kecil,dry
1751339061423.jpg,97.65,image/jpeg,0.25,0.7,kecil,dry
1751339061433.jpg,104.94,image/jpeg,0.8,0.2,besar,oily
1751339061442.jpg,47.7,image/jpeg,0.35,0.6,kecil,dry
1751339061449.jpg,70.9,image/jpeg,0.7,0.3,besar,oily
1751339061458.jpg,78.85,image/jpeg,0.7,0.3,besar,oily
1751339061466.jpg,82.45,image/jpeg,0.3,0.6,kecil,dry
1751339061474.jpg,44.5,image/jpeg,0.25,0.7,kecil,dry
1751339061479.jpg,88.33,image/jpeg,0.2,0.7,kecil,dry
1751339061484.jpg,64.74,image/jpeg,0.3,0.6,kecil,dry
1751339478786.jpg,69.98,image/jpeg,0.5,0.3,normal,normal
1751339478803.jpg,60.93,image/jpeg,0.5,0.3,normal,normal
1751339478817.jpg,127.41,image/jpeg,0.5,0.3,normal,normal
1751339478829.jpg,72.41,image/jpeg,0.35,0.6,kecil,dry
1751339478839.jpg,76.2,image/jpeg,0.4,0.45,kecil,dry
1751339478850.jpg,78.17,image/jpeg,0.4,0.45,kecil,dry
1751339478862.jpg,85.78,image/jpeg,0.1,0.8,kecil,dry
1751339478878.jpg,83.71,image/jpeg,0.65,,besar,normal
1751339478888.jpg,71.41,image/jpeg,0.15,0.8,kecil,dry
1751339478901.jpg,68.16,image/jpeg,0.4,0.45,kecil,dry
1751339478914.jpg,94.88,image/jpeg,0.1,0.8,kecil,dry
1751339478926.jpg,85.76,image/jpeg,0.15,0.8,kecil,dry
1751339478936.jpg,38.67,image/jpeg,0.65,,besar,normal
1751339478945.jpg,53.28,image/jpeg,0.7,0.3,besar,oily
1751339478965.jpg,101.15,image/jpeg,0.5,0.3,normal,normal
1751339479013.jpg,107.0,image/jpeg,0.5,0.3,normal,normal
1751339479028.jpg,82.59,image/jpeg,0.65,,besar,normal
1751339479040.jpg,83.76,image/jpeg,0.6,0.2,normal,normal
1751339479054.jpg,108.48,image/jpeg,0.4,0.45,kecil,dry
1751339479077.jpg,123.92,image/jpeg,0.4,0.45,kecil,dry
1751339479082.jpg,98.94,image/jpeg,0.35,0.6,kecil,dry
1751339479088.jpg,98.37,image/jpeg,0.8,0.2,besar,oily
1751339479094.jpg,100.94,image/jpeg,0.35,0.6,kecil,dry
bcac83cb4ae756be720aa30cafafd3da.jpg,116.99,image/jpeg,0.35,0.6,kecil,dry
df5c80808a41948d18ac912d6d713485 (1).jpg,72.41,image/jpeg,0.6,0.2,normal,normal
fcb17b8d4f04d03433adb5b651df5383.jpg,122.22,image/jpeg,0.6,0.2,normal,normal
915cb5f048edabf13637d7dabe88ee22.jpg,164.69,image/jpeg,0.2,0.7,kecil,dry
713c90f2d5ca031a8751a61758236bac.jpg,119.48,image/jpeg,0.15,0.8,kecil,dry
84907d62c9f4b5bf770cd9f539d07b53.jpg,93.61,image/jpeg,0.2,0.7,kecil,dry
6b6cc6cee1d4727281d3cc8f70cb7d7a (1).jpg,113.8,image/jpeg,0.4,0.45,kecil,dry
1a90f12bc073ee42d0da5419d2d3a7a8.jpg,72.32,image/jpeg,0.4,0.45,kecil,dry
2ed7ff6b8242b77fa0f7ed8d674ce74e.jpg,79.76,image/jpeg,0.4,0.45,kecil,dry
658ee0df150f6ecf2650fa66c992bbb5.jpg,83.0,image/jpeg,0.35,0.6,kecil,dry
7671dd6095e534b3ad3711edeae8a95a.jpg,93.46,image/jpeg,0.1,0.8,kecil,dry
24a2c18bdfc121b74edc4b45100c3dc0.jpg,112.2,image/jpeg,0.2,0.7,kecil,dry
bc87c3b6071a34f1c464815de80c4b7c.jpg,26.23,image/jpeg,0.2,0.7,kecil,dry
10701d70a82bab7e27c1a511ba9388a8 (1).jpg,108.03,image/jpeg,0.1,0.8,kecil,dry
0123818951f8c5b529eb868b4bafd76b.jpg,113.08,image/jpeg,0.6,0.2,normal,normal
02795c04d882929a70a0e859debb8c3a.jpg,109.86,image/jpeg,0.8,0.2,besar,oily
e9a272d9af5e8eeb00cdb898818af287.jpg,57.09,image/jpeg,0.7,0.3,besar,oily
90e6d74359e2e09c03635708cc3db7e2.jpg,23.06,image/jpeg,0.7,0.3,besar,oily
e1bb9c1d23d32a2c3b605df201bf79a9.jpg,43.11,image/jpeg,0.15,0.8,kecil,dry
ab10b315314c607e5e541589cb010bbc.jpg,78.66,image/jpeg,0.6,0.2,normal,normal
67eeebac477e1ed3ad9e4da54af7cd31.jpg,73.68,image/jpeg,0.35,0.6,kecil,dry
93e0ddcbc835cb5a9ee38979cd9e3102.jpg,110.36,image/jpeg,0.25,0.7,kecil,dry
ce1d719eb9779aaf5a339341aac2baee.jpg,102.55,image/jpeg,0.6,0.2,normal,normal
ec080c5628e36000500bd0c97083344a.jpg,104.75,image/jpeg,0.8,0.2,besar,oily
51fbd2d78e7d2615807412aff4aaa9ae.jpg,45.82,image/jpeg,0.4,0.45,kecil,dry
11b21fcedb4ec9e1af4639406cd3fffe.jpg,82.82,image/jpeg,0.6,0.2,normal,normal
f9e5e91f30df4401d40b34e554125d6b.jpg,110.47,image/jpeg,0.65,,besar,normal
